Week,Week_Start,Sales_Volume_kgs,Sales_Value_INR,AVG_Price_Per_kgs
1,02-01-2023,"2,858.50","7,83,229",274
2,09-01-2023,"2,646.10","5,58,327",211
3,16-01-2023,"2,711.10","6,72,353",248
4,23-01-2023,"2,944.90","7,89,233",268
5,30-01-2023,"3,068.50","8,28,495",270
6,06-02-2023,"2,783.50","7,98,865",287
7,13-02-2023,"3,033.00","6,06,600",200
8,20-02-2023,"2,932.70","7,18,512",245
9,27-02-2023,"3,136.00","7,65,184",244
10,06-03-2023,"3,248.30","9,64,745",297
11,13-03-2023,"3,247.00","8,96,172",276
12,20-03-2023,"2,991.60","7,06,018",236
13,27-03-2023,"3,004.90","6,55,068",218
14,03-04-2023,"3,132.70","8,83,421",282
15,10-04-2023,"3,323.40","7,67,705",231
16,17-04-2023,"3,247.20","8,08,553",249
17,24-04-2023,"3,063.10","7,47,396",244
18,01-05-2023,"2,997.80","6,74,505",225
19,08-05-2023,"3,163.80","9,42,812",298
20,15-05-2023,"2,910.50","6,25,758",215
21,22-05-2023,"3,012.70","6,35,680",211
22,29-05-2023,"2,994.70","8,47,500",283
23,05-06-2023,"2,901.70","5,91,947",204
24,12-06-2023,"3,077.80","6,21,716",202
25,19-06-2023,"3,050.00","6,89,300",226
26,26-06-2023,"3,041.30","8,12,027",267
27,03-07-2023,"2,945.40","7,24,568",246
28,10-07-2023,"2,846.80","6,57,611",231
29,17-07-2023,"3,308.50","9,52,848",288
30,24-07-2023,"2,850.10","6,12,772",215
31,31-07-2023,"2,808.70","6,96,558",248
32,07-08-2023,"2,792.20","6,14,284",220
33,14-08-2023,"2,788.10","7,63,939",274
34,21-08-2023,"3,062.40","9,12,595",298
35,28-08-2023,"2,864.40","8,02,032",280
36,04-09-2023,"2,704.50","7,76,192",287
37,11-09-2023,"2,957.70","8,07,452",273
38,18-09-2023,"3,082.30","7,76,740",252
39,25-09-2023,"2,825.90","6,64,087",235
40,02-10-2023,"2,775.20","7,60,405",274
41,09-10-2023,"2,772.90","6,40,540",231
42,16-10-2023,"2,992.10","7,74,954",259
43,23-10-2023,"2,888.60","8,11,697",281
44,30-10-2023,"3,165.30","7,94,490",251
45,06-11-2023,"2,681.80","7,72,358",288
46,13-11-2023,"2,847.20","7,91,522",278
47,20-11-2023,"2,872.60","7,89,965",275
48,27-11-2023,"2,989.80","7,50,440",251
49,04-12-2023,"2,729.10","7,91,439",290
50,11-12-2023,"3,109.90","6,40,639",206
51,18-12-2023,"2,816.40","7,15,366",254
52,25-12-2023,"3,310.70","7,11,801",215
53,01-01-2024,"3,264.10","8,19,289",251
54,08-01-2024,"3,267.20","7,90,662",242
55,15-01-2024,"3,409.70","10,05,862",295
56,22-01-2024,"3,352.40","8,98,443",268
57,29-01-2024,"3,535.80","8,02,627",227
58,05-02-2024,"3,296.30","8,57,038",260
59,12-02-2024,"3,164.30","8,16,389",258
60,19-02-2024,"3,282.70","6,69,671",204
61,26-02-2024,"3,171.50","7,67,503",242
62,04-03-2024,"3,228.20","6,45,640",200
63,11-03-2024,"2,998.10","6,14,611",205
64,18-03-2024,"3,069.50","7,55,097",246
65,25-03-2024,"3,058.20","7,52,317",246
66,01-04-2024,"3,020.50","8,30,638",275
67,08-04-2024,"3,029.30","6,45,241",213
68,15-04-2024,"3,111.90","9,08,675",292
69,22-04-2024,"3,084.30","6,93,968",225
70,29-04-2024,"3,221.00","9,40,532",292
71,06-05-2024,"3,240.10","8,52,146",263
72,13-05-2024,"2,943.10","6,44,539",219
73,20-05-2024,"3,075.70","7,47,395",243
74,27-05-2024,"3,165.00","7,75,425",245
75,03-06-2024,"3,436.60","7,59,489",221
76,10-06-2024,"3,092.90","8,01,061",259
77,17-06-2024,"3,205.90","7,46,975",233
78,24-06-2024,"2,998.10","8,72,447",291
79,01-07-2024,"3,045.00","8,28,240",272
80,08-07-2024,"3,106.90","7,76,725",250
81,15-07-2024,"3,137.00","6,65,044",212
82,22-07-2024,"3,253.00","6,50,600",200
83,29-07-2024,"3,068.40","7,88,579",257
84,05-08-2024,"3,115.10","7,07,128",227
85,12-08-2024,"3,080.10","7,42,304",241
86,19-08-2024,"3,015.30","7,77,947",258
87,26-08-2024,"3,208.60","6,89,849",215
88,02-09-2024,"3,148.60","7,17,881",228
89,09-09-2024,"3,176.70","7,56,055",238
90,16-09-2024,"3,205.80","6,86,041",214
91,23-09-2024,"3,135.80","6,42,839",205
92,30-09-2024,"3,085.70","8,91,767",289
93,07-10-2024,"2,915.90","6,61,909",227
94,14-10-2024,"3,323.80","8,57,540",258
95,21-10-2024,"3,130.20","7,82,550",250
96,28-10-2024,"3,261.50","8,67,559",266
97,04-11-2024,"3,386.40","7,21,303",213
98,11-11-2024,"3,202.90","8,80,798",275
99,18-11-2024,"3,306.80","7,53,950",228
100,25-11-2024,"3,153.30","7,15,799",227
101,02-12-2024,"3,056.20","7,88,500",258
102,09-12-2024,"3,000.80","8,34,222",278
103,16-12-2024,"3,198.10","9,05,062",283
104,23-12-2024,"3,430.10","10,11,880",295
105,30-12-2024,"3,028.50","7,26,840",240
106,06-01-2025,"3,118.60","7,35,990",236
107,13-01-2025,"3,259.60","7,10,593",218
108,20-01-2025,"3,118.40","7,14,114",229
109,27-01-2025,"3,286.30","6,63,833",202
110,03-02-2025,"3,134.40","7,33,450",234
111,10-02-2025,"3,332.50","9,53,095",286
112,17-02-2025,"3,265.20","9,17,521",281
113,24-02-2025,"3,082.60","8,72,376",283
114,03-03-2025,"3,314.30","8,68,347",262
115,10-03-2025,"3,409.10","9,95,457",292
116,17-03-2025,"3,060.00","8,23,140",269
117,24-03-2025,"3,250.00","7,21,500",222
118,31-03-2025,"3,298.90","9,50,083",288
119,07-04-2025,"3,289.50","7,99,349",243
120,14-04-2025,"3,261.50","8,61,036",264
121,21-04-2025,"3,234.70","7,92,502",245
122,28-04-2025,"3,285.70","8,41,139",256
123,05-05-2025,"3,322.30","7,14,295",215
124,12-05-2025,"3,136.10","8,18,522",261
125,19-05-2025,"3,446.30","9,02,931",262
126,26-05-2025,"3,400.70","8,97,785",264
127,02-06-2025,"3,166.50","7,91,625",250
128,09-06-2025,"3,257.30","8,01,296",246
129,16-06-2025,"3,308.20","9,59,378",290
130,23-06-2025,"3,304.20","6,80,665",206
131,30-06-2025,"3,237.50","8,48,225",262
132,07-07-2025,"3,391.20","7,66,411",226
133,14-07-2025,"3,237.60","7,38,173",228
134,21-07-2025,"3,502.10","9,00,040",257
135,28-07-2025,"3,377.70","8,98,468",266
136,04-08-2025,"3,351.40","9,85,312",294
137,11-08-2025,"3,271.20","7,91,630",242
138,18-08-2025,"3,309.60","9,33,307",282
139,25-08-2025,"3,490.80","8,58,737",246
140,01-09-2025,"3,437.80","9,62,584",280
141,08-09-2025,"3,217.50","7,11,068",221
142,15-09-2025,"3,352.50","9,65,520",288
143,22-09-2025,"3,164.30","6,42,353",203
144,29-09-2025,"3,346.80","7,63,070",228
145,06-10-2025,"3,293.00","6,58,600",200
146,13-10-2025,"3,182.50","8,65,640",272
147,20-10-2025,"3,208.60","7,05,892",220
148,27-10-2025,"3,224.40","7,28,714",226
149,03-11-2025,"3,614.70","7,62,702",211
150,10-11-2025,"3,094.30","7,85,952",254
151,17-11-2025,"3,231.80","6,56,055",203
152,24-11-2025,"3,179.60","8,80,749",277
153,01-12-2025,"3,102.50","7,47,703",241
154,08-12-2025,"3,097.40","6,81,428",220
155,15-12-2025,"3,158.40","7,80,125",247
156,22-12-2025,"3,544.30","7,90,379",223
