Week,Week_Start,Print_Gentle_Start,Print_Moms_Trust,TV_Classic_Care_15s,TV_Apollo_Gentle_Bath_20s,TV_Motherbrand_Safest_Touch_15s,TV_Soap_Core_Rejuvenate_15s,Meta_First_Touch_Reach,Meta_Gentle_Bath_Video,Meta_Moms_Trust_Retargeting,Instagram_Baby_Bath_Reels,Instagram_Mom_Creator_Stories,Instagram_Gentle_Skin_Carousel,YouTube_Safest_Touch_15s,YouTube_Gentle_Bath_20s,YouTube_Mom_Stories_30s,YouTube_Soap_Core_Bumper_6s
1,02-01-2023,  -    ,  -    ,  -    ,  -    ,  -    ,  -    ,  -    ,  -    ,  -    ,  -    ,  -    ,  -    ,  -    ,  -    ,  -    ,  -    
2,09-01-2023,  -    ,  -    ,  -    ,  -    ,  -    ,  -    ,  -    ,  -    ,  -    ,  -    ,  -    ,  -    ,  -    ,  -    ,  -    ,  -    
3,16-01-2023,  -    ,  -    ,  -    ,  -    ,  -    ,  -    ,  -    ,  -    ,  -    ,  -    ,"23,54,694",  -    ,  -    ,  -    ,"39,11,243",  -    
4,23-01-2023,  -    ,  -    ,  -    ,  -    ,  -    ,  -    ,  -    ,  -    ,  -    ,  -    ,"37,46,450",  -    ,  -    ,  -    ,"66,53,351",  -    
5,30-01-2023,  -    ,  -    ,  -    ,  -    ,  -    ,  -    ,"22,08,265",  -    ,  -    ,  -    ,"34,86,661",  -    ,  -    ,  -    ,"43,06,985","51,53,048"
6,06-02-2023,  -    ,  -    ,  -    ,  -    ,  -    ,  -    ,"32,72,530",  -    ,  -    ,  -    ,"24,01,985",  -    ,  -    ,  -    ,  -    ,"77,00,847"
7,13-02-2023,  -    ,  -    ,  -    ,65,  -    ,  -    ,"18,35,317",  -    ,  -    ,  -    ,  -    ,"24,21,152",  -    ,  -    ,  -    ,"93,51,681"
8,20-02-2023,  -    ,  -    ,  -    ,71,  -    ,  -    ,  -    ,  -    ,  -    ,  -    ,  -    ,"35,73,696","61,93,005",  -    ,  -    ,"81,57,912"
9,27-02-2023,  -    ,  -    ,  -    ,125,  -    ,  -    ,  -    ,"29,52,916",  -    ,  -    ,  -    ,"36,89,961","80,72,328",  -    ,  -    ,"92,48,199"
10,06-03-2023,  -    ,  -    ,  -    ,161,  -    ,70,  -    ,"44,44,322",  -    ,  -    ,  -    ,"51,32,812","96,69,617",  -    ,  -    ,"77,40,378"
11,13-03-2023,  -    ,  -    ,  -    ,157,  -    ,134,  -    ,"24,84,487",  -    ,  -    ,  -    ,"43,47,828","87,51,072",  -    ,  -    ,"63,17,913"
12,20-03-2023,  -    ,  -    ,  -    ,145,  -    ,121,  -    ,  -    ,  -    ,  -    ,  -    ,"24,90,970","1,01,45,688",  -    ,  -    ,"59,88,216"
13,27-03-2023,"90,511",  -    ,  -    ,118,  -    ,70,  -    ,  -    ,  -    ,  -    ,  -    ,"29,24,308","87,65,142",  -    ,  -    ,  -    
14,03-04-2023,"1,17,406",  -    ,  -    ,113,  -    ,  -    ,  -    ,"28,61,925","29,13,253",  -    ,  -    ,"22,88,830","79,05,274",  -    ,  -    ,  -    
15,10-04-2023,"1,40,344",  -    ,  -    ,81,  -    ,  -    ,  -    ,"48,71,015","67,23,311",  -    ,  -    ,"14,84,136","59,11,202",  -    ,"53,06,050",  -    
16,17-04-2023,"1,16,784",  -    ,  -    ,99,  -    ,  -    ,  -    ,"25,12,868","83,12,119",  -    ,  -    ,  -    ,"54,59,259",  -    ,"82,24,523",  -    
17,24-04-2023,"74,884",  -    ,  -    ,106,  -    ,  -    ,  -    ,  -    ,"61,66,115",  -    ,  -    ,  -    ,"82,62,115",  -    ,"1,01,05,123",  -    
18,01-05-2023,  -    ,  -    ,  -    ,87,  -    ,  -    ,  -    ,  -    ,"28,51,649",  -    ,  -    ,  -    ,"1,02,33,983",  -    ,"84,81,257",  -    
19,08-05-2023,  -    ,  -    ,  -    ,56,  -    ,59,  -    ,  -    ,  -    ,  -    ,  -    ,  -    ,"88,83,987",  -    ,"76,62,110",  -    
20,15-05-2023,  -    ,  -    ,  -    ,  -    ,  -    ,107,  -    ,  -    ,  -    ,  -    ,  -    ,  -    ,"87,67,773",  -    ,"64,24,413",  -    
21,22-05-2023,  -    ,  -    ,  -    ,  -    ,  -    ,114,  -    ,  -    ,  -    ,  -    ,  -    ,  -    ,"54,10,504","38,55,317",  -    ,  -    
22,29-05-2023,  -    ,  -    ,  -    ,  -    ,  -    ,92,"17,22,886",  -    ,  -    ,  -    ,  -    ,  -    ,  -    ,"53,52,582","55,13,442",  -    
23,05-06-2023,  -    ,  -    ,  -    ,  -    ,  -    ,61,"26,46,319",  -    ,  -    ,  -    ,  -    ,  -    ,  -    ,"68,95,957","82,74,704",  -    
24,12-06-2023,  -    ,  -    ,61,  -    ,  -    ,  -    ,"31,70,903",  -    ,  -    ,"29,04,527",  -    ,  -    ,  -    ,"57,41,964","57,25,912",  -    
25,19-06-2023,  -    ,  -    ,89,  -    ,  -    ,  -    ,"17,88,863",  -    ,  -    ,"46,53,732",  -    ,  -    ,  -    ,"96,35,602",  -    ,  -    
26,26-06-2023,  -    ,  -    ,106,  -    ,  -    ,  -    ,  -    ,  -    ,"31,97,013","51,22,587",  -    ,  -    ,  -    ,"84,82,716",  -    ,  -    
27,03-07-2023,  -    ,"1,62,948",95,  -    ,  -    ,  -    ,  -    ,  -    ,"41,48,620","37,36,799","21,63,716",  -    ,  -    ,"91,27,251",  -    ,  -    
28,10-07-2023,  -    ,"2,17,312",96,  -    ,  -    ,  -    ,  -    ,  -    ,"52,22,761","26,59,782","27,36,490",  -    ,  -    ,"52,14,831",  -    ,  -    
29,17-07-2023,  -    ,"2,41,894",96,  -    ,43,  -    ,  -    ,  -    ,"57,30,118",  -    ,"29,52,785",  -    ,  -    ,  -    ,"52,48,734",  -    
30,24-07-2023,  -    ,"2,27,048",65,  -    ,61,  -    ,  -    ,  -    ,"59,08,105",  -    ,"20,79,941",  -    ,  -    ,  -    ,"80,29,022",  -    
31,31-07-2023,"1,14,392","1,51,942",66,  -    ,66,  -    ,  -    ,  -    ,"45,88,187",  -    ,  -    ,  -    ,  -    ,  -    ,"52,54,698",  -    
32,07-08-2023,"1,50,542",  -    ,62,  -    ,60,  -    ,  -    ,  -    ,"78,02,210",  -    ,  -    ,  -    ,  -    ,"36,71,824",  -    ,  -    
33,14-08-2023,"1,95,122",  -    ,118,  -    ,62,  -    ,  -    ,  -    ,"68,27,938",  -    ,  -    ,  -    ,  -    ,"53,37,953",  -    ,  -    
34,21-08-2023,"1,86,334",  -    ,142,  -    ,61,  -    ,  -    ,  -    ,"35,78,890","22,57,342",  -    ,  -    ,  -    ,"71,23,113",  -    ,  -    
35,28-08-2023,"1,59,421",  -    ,94,  -    ,41,  -    ,  -    ,  -    ,"43,33,089","41,85,573",  -    ,  -    ,  -    ,"58,88,635",  -    ,  -    
36,04-09-2023,"1,67,041",  -    ,86,  -    ,  -    ,  -    ,  -    ,  -    ,"47,01,060","35,17,772",  -    ,  -    ,  -    ,"61,25,869",  -    ,  -    
37,11-09-2023,"1,21,914",  -    ,63,  -    ,  -    ,  -    ,  -    ,"38,32,302","40,33,907","21,50,409",  -    ,  -    ,  -    ,"41,29,695",  -    ,  -    
38,18-09-2023,  -    ,  -    ,  -    ,  -    ,  -    ,  -    ,  -    ,"44,15,759","30,68,442",  -    ,  -    ,  -    ,  -    ,  -    ,  -    ,  -    
39,25-09-2023,  -    ,  -    ,  -    ,  -    ,  -    ,  -    ,  -    ,"49,48,421","29,94,158",  -    ,  -    ,  -    ,  -    ,  -    ,  -    ,  -    
40,02-10-2023,  -    ,  -    ,  -    ,  -    ,  -    ,  -    ,  -    ,"64,07,129",  -    ,  -    ,  -    ,  -    ,  -    ,  -    ,  -    ,  -    
41,09-10-2023,  -    ,  -    ,  -    ,  -    ,  -    ,  -    ,  -    ,"59,91,255",  -    ,  -    ,  -    ,  -    ,  -    ,"36,02,519",  -    ,  -    
42,16-10-2023,  -    ,  -    ,  -    ,  -    ,  -    ,  -    ,  -    ,"48,67,105",  -    ,  -    ,  -    ,  -    ,  -    ,"52,46,128",  -    ,  -    
43,23-10-2023,  -    ,  -    ,  -    ,  -    ,  -    ,  -    ,  -    ,"43,30,561",  -    ,  -    ,  -    ,  -    ,  -    ,"57,44,196",  -    ,  -    
44,30-10-2023,  -    ,  -    ,  -    ,  -    ,  -    ,  -    ,  -    ,"36,43,147",  -    ,  -    ,  -    ,  -    ,  -    ,"59,42,520",  -    ,  -    
45,06-11-2023,  -    ,  -    ,  -    ,  -    ,  -    ,  -    ,  -    ,  -    ,  -    ,  -    ,  -    ,  -    ,  -    ,"49,78,542",  -    ,  -    
46,13-11-2023,  -    ,  -    ,  -    ,  -    ,  -    ,  -    ,  -    ,  -    ,  -    ,  -    ,  -    ,  -    ,  -    ,"33,09,139",  -    ,  -    
47,20-11-2023,  -    ,  -    ,  -    ,  -    ,  -    ,  -    ,  -    ,  -    ,"23,84,706",  -    ,  -    ,  -    ,  -    ,  -    ,  -    ,  -    
48,27-11-2023,  -    ,  -    ,  -    ,  -    ,  -    ,  -    ,  -    ,"31,65,070","26,15,698",  -    ,  -    ,  -    ,  -    ,  -    ,  -    ,  -    
49,04-12-2023,  -    ,  -    ,  -    ,  -    ,  -    ,  -    ,  -    ,"39,57,315","36,89,798",  -    ,  -    ,  -    ,  -    ,  -    ,  -    ,  -    
50,11-12-2023,  -    ,  -    ,  -    ,  -    ,  -    ,  -    ,  -    ,"48,51,656","72,10,360",  -    ,  -    ,  -    ,"34,81,608",  -    ,  -    ,  -    
51,18-12-2023,"98,734",  -    ,  -    ,  -    ,  -    ,  -    ,  -    ,"46,89,538","89,77,495",  -    ,  -    ,  -    ,"51,93,933",  -    ,  -    ,  -    
52,25-12-2023,"1,41,991",  -    ,  -    ,  -    ,  -    ,  -    ,  -    ,"38,45,319","71,26,306",  -    ,"21,25,587",  -    ,"62,82,153",  -    ,"42,90,373",  -    
53,01-01-2024,"1,47,977",  -    ,  -    ,  -    ,  -    ,  -    ,  -    ,"31,01,363","57,15,315",  -    ,"30,79,662",  -    ,"54,60,111",  -    ,"74,54,549","40,76,902"
54,08-01-2024,"1,71,030",  -    ,  -    ,  -    ,55,71,  -    ,"26,83,982","57,64,880",  -    ,"33,02,286",  -    ,"60,86,690","33,23,083","45,31,447","69,91,573"
55,15-01-2024,"1,37,520",  -    ,  -    ,  -    ,63,88,  -    ,"30,72,812","44,43,321",  -    ,"26,83,232","22,42,708","53,60,177","50,02,013",  -    ,"39,01,589"
56,22-01-2024,"1,05,256",  -    ,  -    ,  -    ,87,112,  -    ,"39,23,777","40,80,047",  -    ,"19,32,756","28,36,662","36,79,533","63,14,359",  -    ,  -    
57,29-01-2024,  -    ,  -    ,  -    ,  -    ,87,111,  -    ,"39,02,036","27,03,111","21,46,859",  -    ,"35,86,949","44,00,044","50,10,390",  -    ,  -    
58,05-02-2024,  -    ,  -    ,  -    ,  -    ,75,89,  -    ,"39,98,255",  -    ,"31,52,392",  -    ,"38,80,180","57,63,254","37,96,321",  -    ,  -    
59,12-02-2024,  -    ,  -    ,  -    ,  -    ,61,79,  -    ,"34,34,816",  -    ,"34,97,790",  -    ,"38,70,663","93,08,145",  -    ,  -    ,  -    
60,19-02-2024,  -    ,  -    ,  -    ,  -    ,55,69,  -    ,"33,03,793",  -    ,"35,36,701",  -    ,"32,36,187","82,99,233",  -    ,  -    ,  -    
61,26-02-2024,  -    ,  -    ,  -    ,  -    ,  -    ,  -    ,  -    ,"25,20,258",  -    ,"30,36,256",  -    ,"24,10,862","60,27,934",  -    ,  -    ,  -    
62,04-03-2024,  -    ,  -    ,  -    ,  -    ,  -    ,  -    ,  -    ,  -    ,  -    ,"24,69,634",  -    ,  -    ,"63,96,436",  -    ,  -    ,  -    
63,11-03-2024,  -    ,  -    ,  -    ,  -    ,  -    ,  -    ,  -    ,  -    ,  -    ,  -    ,  -    ,  -    ,"52,24,393",  -    ,  -    ,  -    
64,18-03-2024,  -    ,  -    ,  -    ,  -    ,  -    ,  -    ,  -    ,  -    ,  -    ,  -    ,  -    ,  -    ,"50,61,002",  -    ,  -    ,  -    
65,25-03-2024,  -    ,  -    ,  -    ,  -    ,  -    ,  -    ,  -    ,  -    ,  -    ,  -    ,  -    ,  -    ,"39,87,842",  -    ,  -    ,  -    
66,01-04-2024,  -    ,  -    ,  -    ,  -    ,  -    ,  -    ,  -    ,  -    ,  -    ,  -    ,  -    ,  -    ,  -    ,  -    ,  -    ,  -    
67,08-04-2024,  -    ,  -    ,  -    ,  -    ,  -    ,  -    ,  -    ,  -    ,  -    ,  -    ,  -    ,  -    ,  -    ,  -    ,  -    ,  -    
68,15-04-2024,  -    ,  -    ,  -    ,  -    ,  -    ,  -    ,  -    ,  -    ,  -    ,  -    ,  -    ,"20,48,638",  -    ,  -    ,  -    ,  -    
69,22-04-2024,  -    ,  -    ,  -    ,  -    ,  -    ,  -    ,  -    ,  -    ,  -    ,  -    ,  -    ,"35,19,296",  -    ,  -    ,  -    ,  -    
70,29-04-2024,  -    ,  -    ,  -    ,  -    ,  -    ,  -    ,  -    ,  -    ,  -    ,  -    ,  -    ,"37,00,932",  -    ,  -    ,  -    ,  -    
71,06-05-2024,  -    ,"1,27,787",  -    ,  -    ,  -    ,  -    ,  -    ,  -    ,  -    ,  -    ,"29,46,218","32,44,282",  -    ,  -    ,  -    ,  -    
72,13-05-2024,  -    ,"1,95,817",  -    ,  -    ,  -    ,  -    ,  -    ,  -    ,  -    ,  -    ,"34,18,534","19,60,264",  -    ,  -    ,  -    ,  -    
73,20-05-2024,  -    ,"2,13,110",  -    ,  -    ,  -    ,  -    ,  -    ,  -    ,  -    ,  -    ,"36,62,919",  -    ,  -    ,  -    ,  -    ,  -    
74,27-05-2024,  -    ,"2,32,117",  -    ,  -    ,  -    ,  -    ,  -    ,  -    ,  -    ,  -    ,"41,02,358",  -    ,  -    ,"50,28,830",  -    ,  -    
75,03-06-2024,  -    ,"2,29,675",  -    ,  -    ,  -    ,  -    ,  -    ,  -    ,  -    ,  -    ,"42,65,608",  -    ,  -    ,"71,57,633",  -    ,  -    
76,10-06-2024,  -    ,"2,31,044",53,  -    ,  -    ,84,  -    ,  -    ,  -    ,  -    ,"43,95,829",  -    ,  -    ,"94,48,994",  -    ,  -    
77,17-06-2024,  -    ,"1,82,137",62,  -    ,  -    ,110,  -    ,  -    ,  -    ,  -    ,"38,00,998",  -    ,  -    ,"83,50,080",  -    ,  -    
78,24-06-2024,  -    ,"1,38,368",74,  -    ,  -    ,124,  -    ,"30,53,380",  -    ,  -    ,"27,88,183",  -    ,  -    ,"48,64,027",  -    ,  -    
79,01-07-2024,  -    ,  -    ,80,  -    ,  -    ,145,  -    ,"42,84,155",  -    ,  -    ,  -    ,  -    ,  -    ,  -    ,  -    ,"45,46,514"
80,08-07-2024,  -    ,  -    ,83,  -    ,  -    ,115,  -    ,"43,83,416","32,37,473",  -    ,  -    ,  -    ,  -    ,  -    ,  -    ,"87,46,047"
81,15-07-2024,  -    ,  -    ,68,  -    ,  -    ,85,  -    ,"60,20,752","66,60,765",  -    ,  -    ,  -    ,  -    ,  -    ,  -    ,"48,99,343"
82,22-07-2024,  -    ,  -    ,63,  -    ,  -    ,  -    ,  -    ,"50,49,312","33,71,993",  -    ,  -    ,  -    ,  -    ,  -    ,  -    ,  -    
83,29-07-2024,  -    ,  -    ,107,  -    ,  -    ,  -    ,  -    ,"48,43,139",  -    ,"28,83,100",  -    ,  -    ,  -    ,  -    ,  -    ,  -    
84,05-08-2024,  -    ,  -    ,107,  -    ,  -    ,  -    ,  -    ,"42,58,587",  -    ,"38,98,259",  -    ,  -    ,  -    ,  -    ,  -    ,  -    
85,12-08-2024,  -    ,  -    ,55,  -    ,62,  -    ,  -    ,"33,93,763",  -    ,"47,21,864","20,04,749",  -    ,  -    ,  -    ,  -    ,  -    
86,19-08-2024,  -    ,  -    ,  -    ,  -    ,76,  -    ,  -    ,  -    ,  -    ,"44,53,681","27,43,774",  -    ,  -    ,  -    ,  -    ,"51,68,512"
87,26-08-2024,  -    ,  -    ,  -    ,  -    ,87,  -    ,  -    ,  -    ,  -    ,"33,44,887","17,96,715","19,69,975",  -    ,  -    ,  -    ,"72,69,929"
88,02-09-2024,  -    ,"1,73,763",  -    ,  -    ,108,  -    ,  -    ,  -    ,  -    ,"25,94,895",  -    ,"25,94,092",  -    ,  -    ,  -    ,"92,57,110"
89,09-09-2024,  -    ,"2,20,245",  -    ,  -    ,99,  -    ,  -    ,  -    ,  -    ,  -    ,  -    ,"33,47,803",  -    ,  -    ,  -    ,"67,80,111"
90,16-09-2024,  -    ,"2,52,017",  -    ,  -    ,85,  -    ,"28,11,702",  -    ,  -    ,  -    ,"26,23,050","29,04,040",  -    ,  -    ,  -    ,"56,59,297"
91,23-09-2024,  -    ,"3,01,783",  -    ,  -    ,71,  -    ,"40,59,791",  -    ,  -    ,  -    ,"35,07,658","26,68,707",  -    ,  -    ,  -    ,  -    
92,30-09-2024,  -    ,"3,02,105",  -    ,  -    ,55,  -    ,"64,14,145",  -    ,  -    ,  -    ,"42,39,870","17,98,008",  -    ,  -    ,  -    ,  -    
93,07-10-2024,  -    ,"2,56,044",  -    ,  -    ,  -    ,  -    ,"82,44,453",  -    ,  -    ,  -    ,"23,85,898",  -    ,  -    ,  -    ,  -    ,  -    
94,14-10-2024,  -    ,"1,64,677",56,  -    ,57,58,"80,31,413",  -    ,  -    ,  -    ,  -    ,  -    ,  -    ,  -    ,  -    ,  -    
95,21-10-2024,  -    ,  -    ,73,  -    ,72,113,"73,18,071",  -    ,  -    ,"24,97,446",  -    ,  -    ,  -    ,  -    ,  -    ,  -    
96,28-10-2024,  -    ,  -    ,88,  -    ,88,60,"37,60,125",  -    ,  -    ,"34,67,935",  -    ,  -    ,  -    ,  -    ,  -    ,  -    
97,04-11-2024,  -    ,  -    ,83,  -    ,86,  -    ,"35,33,642",  -    ,  -    ,"38,13,461",  -    ,"23,59,667",  -    ,  -    ,  -    ,  -    
98,11-11-2024,  -    ,  -    ,87,  -    ,88,  -    ,"52,05,167",  -    ,  -    ,"25,28,852",  -    ,"32,53,925",  -    ,  -    ,  -    ,  -    
99,18-11-2024,  -    ,  -    ,82,  -    ,73,  -    ,"35,50,644",  -    ,  -    ,  -    ,  -    ,"21,48,061","42,12,943",  -    ,  -    ,  -    
100,25-11-2024,  -    ,  -    ,56,  -    ,76,  -    ,"40,55,928",  -    ,  -    ,  -    ,  -    ,  -    ,"70,18,482",  -    ,  -    ,  -    
101,02-12-2024,"1,09,925",  -    ,  -    ,  -    ,48,  -    ,"41,61,416",  -    ,  -    ,  -    ,  -    ,  -    ,"70,53,667",  -    ,  -    ,  -    
102,09-12-2024,"1,38,282",  -    ,  -    ,  -    ,  -    ,  -    ,"41,71,063",  -    ,  -    ,  -    ,  -    ,  -    ,"51,24,525",  -    ,  -    ,  -    
103,16-12-2024,"1,72,603",  -    ,  -    ,  -    ,  -    ,  -    ,"40,58,023",  -    ,  -    ,  -    ,  -    ,  -    ,  -    ,  -    ,  -    ,  -    
104,23-12-2024,"1,52,489",  -    ,  -    ,  -    ,  -    ,  -    ,"38,09,909","28,82,223",  -    ,  -    ,  -    ,  -    ,  -    ,  -    ,"40,12,850",  -    
105,30-12-2024,"1,02,257",  -    ,  -    ,  -    ,  -    ,  -    ,"25,06,963","50,44,296",  -    ,  -    ,  -    ,  -    ,  -    ,  -    ,"62,82,946",  -    
106,06-01-2025,  -    ,  -    ,  -    ,  -    ,  -    ,  -    ,  -    ,"25,17,464",  -    ,  -    ,  -    ,  -    ,  -    ,  -    ,"63,64,951",  -    
107,13-01-2025,  -    ,  -    ,  -    ,64,  -    ,  -    ,  -    ,  -    ,  -    ,  -    ,  -    ,  -    ,  -    ,  -    ,"65,88,935",  -    
108,20-01-2025,  -    ,  -    ,  -    ,73,45,  -    ,  -    ,  -    ,  -    ,  -    ,  -    ,  -    ,  -    ,  -    ,"63,47,475",  -    
109,27-01-2025,  -    ,  -    ,  -    ,99,64,  -    ,  -    ,  -    ,  -    ,  -    ,  -    ,  -    ,"37,41,244",  -    ,"40,31,874",  -    
110,03-02-2025,  -    ,  -    ,  -    ,99,77,  -    ,  -    ,  -    ,  -    ,  -    ,  -    ,  -    ,"58,36,417",  -    ,  -    ,  -    
111,10-02-2025,  -    ,  -    ,  -    ,79,58,  -    ,  -    ,  -    ,  -    ,  -    ,  -    ,  -    ,"70,66,899",  -    ,  -    ,  -    
112,17-02-2025,  -    ,  -    ,  -    ,54,40,  -    ,  -    ,  -    ,  -    ,  -    ,  -    ,  -    ,"60,33,555",  -    ,  -    ,  -    
113,24-02-2025,  -    ,  -    ,  -    ,  -    ,  -    ,  -    ,  -    ,  -    ,  -    ,  -    ,  -    ,  -    ,"58,34,583",  -    ,  -    ,  -    
114,03-03-2025,  -    ,  -    ,  -    ,  -    ,  -    ,  -    ,  -    ,  -    ,  -    ,  -    ,  -    ,  -    ,"60,82,335",  -    ,  -    ,  -    
115,10-03-2025,  -    ,  -    ,  -    ,  -    ,  -    ,  -    ,  -    ,  -    ,  -    ,  -    ,  -    ,  -    ,"45,79,152",  -    ,  -    ,  -    
116,17-03-2025,  -    ,  -    ,  -    ,61,  -    ,  -    ,  -    ,  -    ,  -    ,  -    ,  -    ,  -    ,  -    ,  -    ,  -    ,  -    
117,24-03-2025,  -    ,  -    ,  -    ,87,  -    ,  -    ,  -    ,  -    ,  -    ,  -    ,  -    ,  -    ,  -    ,  -    ,  -    ,  -    
118,31-03-2025,  -    ,  -    ,  -    ,79,  -    ,  -    ,  -    ,  -    ,  -    ,  -    ,  -    ,  -    ,  -    ,  -    ,  -    ,"51,79,552"
119,07-04-2025,  -    ,  -    ,  -    ,57,  -    ,  -    ,  -    ,  -    ,  -    ,  -    ,  -    ,  -    ,  -    ,  -    ,  -    ,"78,69,893"
120,14-04-2025,  -    ,  -    ,  -    ,  -    ,  -    ,  -    ,  -    ,  -    ,  -    ,"31,14,701",  -    ,  -    ,  -    ,  -    ,  -    ,"1,01,82,159"
121,21-04-2025,  -    ,  -    ,  -    ,  -    ,  -    ,  -    ,  -    ,  -    ,  -    ,"38,73,293",  -    ,  -    ,  -    ,  -    ,  -    ,"94,80,858"
122,28-04-2025,  -    ,  -    ,  -    ,  -    ,  -    ,  -    ,  -    ,  -    ,  -    ,"46,32,975",  -    ,  -    ,  -    ,  -    ,  -    ,"1,45,23,540"
123,05-05-2025,  -    ,  -    ,  -    ,  -    ,  -    ,  -    ,  -    ,  -    ,  -    ,"49,54,998",  -    ,  -    ,  -    ,  -    ,  -    ,"1,51,18,431"
124,12-05-2025,  -    ,  -    ,  -    ,  -    ,  -    ,  -    ,  -    ,  -    ,  -    ,"42,35,105",  -    ,  -    ,  -    ,  -    ,  -    ,"1,49,89,707"
125,19-05-2025,  -    ,  -    ,  -    ,  -    ,  -    ,  -    ,  -    ,  -    ,  -    ,"36,21,945",  -    ,  -    ,  -    ,  -    ,  -    ,"91,32,022"
126,26-05-2025,  -    ,  -    ,  -    ,  -    ,  -    ,  -    ,  -    ,  -    ,  -    ,"30,80,399",  -    ,  -    ,  -    ,  -    ,  -    ,"84,39,229"
127,02-06-2025,  -    ,  -    ,  -    ,  -    ,  -    ,  -    ,  -    ,  -    ,  -    ,  -    ,  -    ,  -    ,  -    ,  -    ,  -    ,"79,91,696"
128,09-06-2025,  -    ,  -    ,  -    ,  -    ,  -    ,  -    ,  -    ,  -    ,  -    ,"26,21,771",  -    ,  -    ,  -    ,  -    ,  -    ,"66,79,769"
129,16-06-2025,  -    ,  -    ,  -    ,  -    ,  -    ,  -    ,  -    ,  -    ,  -    ,"34,30,373",  -    ,  -    ,  -    ,  -    ,  -    ,"1,17,39,944"
130,23-06-2025,  -    ,  -    ,  -    ,  -    ,  -    ,  -    ,  -    ,  -    ,  -    ,"60,56,850","30,29,194",  -    ,  -    ,  -    ,  -    ,"79,82,900"
131,30-06-2025,  -    ,  -    ,  -    ,50,  -    ,  -    ,"27,46,901",  -    ,  -    ,"80,67,293","44,33,770",  -    ,  -    ,  -    ,  -    ,"91,02,708"
132,07-07-2025,  -    ,  -    ,  -    ,69,  -    ,  -    ,"38,45,263",  -    ,  -    ,"67,14,554","54,82,270",  -    ,  -    ,  -    ,  -    ,"82,42,417"
133,14-07-2025,  -    ,  -    ,  -    ,86,  -    ,  -    ,"69,98,188",  -    ,  -    ,"36,11,150","46,25,295",  -    ,  -    ,  -    ,  -    ,"80,05,742"
134,21-07-2025,  -    ,  -    ,  -    ,77,  -    ,  -    ,"86,62,925","36,05,332",  -    ,"29,95,151","41,79,354",  -    ,  -    ,  -    ,"35,05,746","55,53,272"
135,28-07-2025,  -    ,  -    ,  -    ,54,  -    ,  -    ,"59,12,109","65,44,240",  -    ,  -    ,"31,14,478",  -    ,  -    ,  -    ,"1,12,92,727",  -    
136,04-08-2025,  -    ,  -    ,  -    ,  -    ,  -    ,  -    ,  -    ,"35,54,470",  -    ,  -    ,  -    ,"25,82,066",  -    ,  -    ,"82,88,539",  -    
137,11-08-2025,  -    ,  -    ,  -    ,  -    ,  -    ,  -    ,"24,50,362",  -    ,  -    ,  -    ,  -    ,"36,45,466",  -    ,"51,13,056","68,88,739",  -    
138,18-08-2025,  -    ,  -    ,  -    ,  -    ,  -    ,  -    ,"33,20,208",  -    ,  -    ,  -    ,  -    ,"33,92,708","57,14,620","77,90,963","72,51,073",  -    
139,25-08-2025,  -    ,  -    ,  -    ,  -    ,  -    ,84,"38,73,991",  -    ,  -    ,  -    ,  -    ,"35,90,910","74,67,763","83,49,586","62,28,450",  -    
140,01-09-2025,  -    ,  -    ,  -    ,  -    ,  -    ,103,"38,21,261",  -    ,  -    ,  -    ,  -    ,"25,33,448","89,37,677","72,13,819","55,22,714",  -    
141,08-09-2025,  -    ,  -    ,  -    ,  -    ,  -    ,120,"34,75,178",  -    ,  -    ,  -    ,  -    ,  -    ,"78,90,822","53,79,913","36,15,117",  -    
142,15-09-2025,  -    ,"1,54,242",  -    ,  -    ,  -    ,136,"29,39,120",  -    ,  -    ,  -    ,"24,02,632",  -    ,"53,01,695",  -    ,  -    ,  -    
143,22-09-2025,  -    ,"1,89,768",  -    ,  -    ,  -    ,126,  -    ,  -    ,  -    ,  -    ,"30,79,885","20,99,211",  -    ,  -    ,  -    ,  -    
144,29-09-2025,  -    ,"2,20,228",  -    ,  -    ,  -    ,123,  -    ,  -    ,  -    ,  -    ,"35,46,204","28,91,379",  -    ,"52,87,227",  -    ,  -    
145,06-10-2025,  -    ,"2,01,231",  -    ,  -    ,53,97,  -    ,  -    ,  -    ,  -    ,"43,59,265","33,85,977",  -    ,"66,68,083",  -    ,  -    
146,13-10-2025,  -    ,"2,08,940",  -    ,  -    ,111,86,  -    ,  -    ,  -    ,  -    ,"35,68,595","40,25,778",  -    ,"80,46,108",  -    ,"43,28,589"
147,20-10-2025,  -    ,"2,00,355",  -    ,  -    ,56,  -    ,  -    ,  -    ,  -    ,  -    ,"33,38,662","37,50,317",  -    ,"74,95,547",  -    ,"69,88,130"
148,27-10-2025,  -    ,"1,91,090",  -    ,  -    ,  -    ,  -    ,  -    ,  -    ,  -    ,  -    ,"26,35,958","29,01,249",  -    ,"69,55,670",  -    ,"78,07,711"
149,03-11-2025,  -    ,"1,25,791",  -    ,  -    ,  -    ,  -    ,  -    ,  -    ,  -    ,  -    ,  -    ,"23,50,635",  -    ,"52,03,509",  -    ,"46,32,203"
150,10-11-2025,  -    ,  -    ,  -    ,  -    ,  -    ,  -    ,  -    ,  -    ,  -    ,  -    ,  -    ,  -    ,  -    ,  -    ,  -    ,  -    
151,17-11-2025,  -    ,  -    ,  -    ,  -    ,  -    ,  -    ,  -    ,  -    ,  -    ,  -    ,  -    ,  -    ,  -    ,  -    ,  -    ,  -    
152,24-11-2025,  -    ,  -    ,  -    ,  -    ,  -    ,  -    ,  -    ,  -    ,  -    ,  -    ,  -    ,  -    ,  -    ,  -    ,  -    ,  -    
153,01-12-2025,  -    ,  -    ,  -    ,  -    ,  -    ,  -    ,  -    ,  -    ,  -    ,  -    ,  -    ,  -    ,  -    ,  -    ,  -    ,  -    
154,08-12-2025,  -    ,  -    ,  -    ,  -    ,  -    ,  -    ,  -    ,  -    ,  -    ,  -    ,  -    ,  -    ,  -    ,  -    ,  -    ,  -    
155,15-12-2025,  -    ,  -    ,  -    ,  -    ,  -    ,  -    ,  -    ,  -    ,  -    ,  -    ,  -    ,  -    ,  -    ,  -    ,  -    ,  -    
156,22-12-2025,  -    ,  -    ,  -    ,  -    ,  -    ,  -    ,  -    ,  -    ,  -    ,  -    ,  -    ,  -    ,  -    ,  -    ,  -    ,  -    
