Week,Week_Start,Holiday_Diwali,Holiday_Holi,Holiday_Christmas,Promotion_Price_Off_10pct,Promotion_Buy2_Save15pct,TradePromo_Retailer_Display,TradePromo_Distributor_Scheme
1,02-01-2023,0,0,0,1,0,0,0
2,09-01-2023,0,0,0,0,0,0,0
3,16-01-2023,0,0,0,0,0,0,0
4,23-01-2023,0,0,0,0,0,0,0
5,30-01-2023,0,0,0,1,0,0,0
6,06-02-2023,0,0,0,0,0,0,0
7,13-02-2023,0,0,0,0,0,1,0
8,20-02-2023,0,0,0,0,0,0,0
9,27-02-2023,0,0,0,0,0,0,1
10,06-03-2023,0,0,0,0,0,0,1
11,13-03-2023,0,1,0,0,0,1,0
12,20-03-2023,0,0,0,0,0,0,0
13,27-03-2023,0,0,0,0,0,0,0
14,03-04-2023,0,0,0,0,0,0,0
15,10-04-2023,0,0,0,0,0,0,1
16,17-04-2023,0,0,0,0,0,1,0
17,24-04-2023,0,0,0,0,0,1,0
18,01-05-2023,0,0,0,0,0,0,0
19,08-05-2023,0,0,0,0,0,0,0
20,15-05-2023,0,0,0,0,0,0,0
21,22-05-2023,0,0,0,0,0,0,0
22,29-05-2023,0,0,0,0,0,0,0
23,05-06-2023,0,0,0,0,0,0,0
24,12-06-2023,0,0,0,0,1,0,0
25,19-06-2023,0,0,0,1,0,0,0
26,26-06-2023,0,0,0,0,0,0,0
27,03-07-2023,0,0,0,0,0,0,0
28,10-07-2023,0,0,1,0,0,1,0
29,17-07-2023,0,0,0,1,0,0,0
30,24-07-2023,0,0,0,0,0,0,0
31,31-07-2023,0,0,0,0,0,0,0
32,07-08-2023,0,0,0,0,0,0,0
33,14-08-2023,0,0,0,0,0,0,0
34,21-08-2023,0,0,0,0,1,0,0
35,28-08-2023,0,0,0,0,0,0,0
36,04-09-2023,0,0,0,0,0,0,0
37,11-09-2023,0,0,0,0,0,0,0
38,18-09-2023,0,0,0,1,0,0,0
39,25-09-2023,0,0,0,0,0,0,0
40,02-10-2023,0,0,0,0,0,0,0
41,09-10-2023,0,0,0,0,0,0,0
42,16-10-2023,0,0,0,0,0,0,1
43,23-10-2023,0,0,0,0,0,0,0
44,30-10-2023,1,0,0,0,0,0,0
45,06-11-2023,0,0,0,0,0,0,0
46,13-11-2023,0,0,0,0,0,0,0
47,20-11-2023,0,0,0,1,0,0,0
48,27-11-2023,0,0,0,0,1,0,0
49,04-12-2023,0,0,0,0,0,0,0
50,11-12-2023,0,0,0,1,0,0,0
51,18-12-2023,0,0,0,0,0,0,0
52,25-12-2023,0,0,1,0,0,1,0
53,01-01-2024,0,0,0,0,0,1,0
54,08-01-2024,0,0,0,0,0,0,0
55,15-01-2024,0,0,0,0,1,0,0
56,22-01-2024,0,0,0,0,0,0,0
57,29-01-2024,0,0,0,1,0,0,0
58,05-02-2024,0,0,0,0,0,0,0
59,12-02-2024,0,0,0,0,0,0,0
60,19-02-2024,0,0,0,0,0,0,0
61,26-02-2024,0,0,0,0,0,0,0
62,04-03-2024,0,0,0,0,0,0,1
63,11-03-2024,0,1,0,0,0,0,0
64,18-03-2024,0,0,0,0,0,0,0
65,25-03-2024,0,0,0,0,0,0,0
66,01-04-2024,0,0,0,0,0,0,0
67,08-04-2024,0,0,0,0,0,0,0
68,15-04-2024,0,0,0,0,0,0,0
69,22-04-2024,0,0,0,0,0,0,0
70,29-04-2024,0,0,0,1,0,0,0
71,06-05-2024,0,0,0,0,0,1,0
72,13-05-2024,0,0,0,0,0,0,0
73,20-05-2024,0,0,0,0,0,0,0
74,27-05-2024,0,0,0,0,0,0,0
75,03-06-2024,0,0,0,1,0,0,0
76,10-06-2024,0,0,0,0,0,0,0
77,17-06-2024,0,0,0,0,1,0,0
78,24-06-2024,0,0,0,0,0,0,0
79,01-07-2024,0,0,0,0,0,0,0
80,08-07-2024,0,0,0,0,0,0,0
81,15-07-2024,0,0,0,0,0,0,1
82,22-07-2024,0,0,0,0,1,0,0
83,29-07-2024,0,0,0,0,0,0,1
84,05-08-2024,0,0,0,0,0,0,0
85,12-08-2024,0,0,0,0,0,0,0
86,19-08-2024,0,0,0,0,0,0,0
87,26-08-2024,0,0,0,0,0,0,0
88,02-09-2024,0,0,0,0,0,1,0
89,09-09-2024,0,0,0,0,0,1,0
90,16-09-2024,0,0,0,0,0,0,0
91,23-09-2024,0,0,0,0,0,1,0
92,30-09-2024,0,0,0,0,0,0,0
93,07-10-2024,0,0,0,0,0,0,0
94,14-10-2024,0,0,0,1,0,0,0
95,21-10-2024,0,0,0,0,0,1,0
96,28-10-2024,0,0,0,0,1,0,0
97,04-11-2024,1,0,0,0,0,0,0
98,11-11-2024,0,0,0,0,0,0,0
99,18-11-2024,0,0,0,0,0,1,0
100,25-11-2024,0,0,0,0,0,0,0
101,02-12-2024,0,0,0,0,0,0,0
102,09-12-2024,0,0,0,0,0,0,0
103,16-12-2024,0,0,0,0,0,1,0
104,23-12-2024,0,0,1,0,1,0,0
105,30-12-2024,0,0,0,0,0,0,0
106,06-01-2025,0,0,0,0,0,0,0
107,13-01-2025,0,0,0,0,0,0,0
108,20-01-2025,0,0,0,0,0,0,0
109,27-01-2025,0,0,0,0,0,0,1
110,03-02-2025,0,0,0,0,0,0,0
111,10-02-2025,0,0,0,0,0,0,0
112,17-02-2025,0,0,0,0,0,0,0
113,24-02-2025,0,0,0,0,0,0,0
114,03-03-2025,0,0,0,0,0,0,0
115,10-03-2025,0,1,0,1,0,0,0
116,17-03-2025,0,0,0,0,0,0,0
117,24-03-2025,0,0,0,0,0,0,0
118,31-03-2025,0,0,0,0,0,0,0
119,07-04-2025,0,0,0,0,0,0,0
120,14-04-2025,0,0,0,0,0,0,0
121,21-04-2025,0,0,0,0,0,0,0
122,28-04-2025,0,0,0,0,0,0,0
123,05-05-2025,0,0,0,0,0,0,0
124,12-05-2025,0,0,1,0,0,0,0
125,19-05-2025,0,0,0,0,1,0,0
126,26-05-2025,0,0,0,0,0,0,0
127,02-06-2025,0,0,0,0,0,0,0
128,09-06-2025,0,0,0,0,0,0,0
129,16-06-2025,0,0,0,0,0,0,1
130,23-06-2025,0,0,0,0,0,0,0
131,30-06-2025,0,0,0,0,0,1,0
132,07-07-2025,0,0,0,0,0,0,0
133,14-07-2025,0,0,0,0,0,0,0
134,21-07-2025,0,0,0,0,1,0,0
135,28-07-2025,0,0,0,0,0,0,0
136,04-08-2025,0,0,0,0,0,0,1
137,11-08-2025,0,0,0,0,0,0,0
138,18-08-2025,0,0,0,0,0,0,0
139,25-08-2025,0,0,0,0,0,0,1
140,01-09-2025,0,0,0,0,1,0,0
141,08-09-2025,0,0,0,0,0,0,0
142,15-09-2025,0,0,0,1,0,0,0
143,22-09-2025,0,0,0,0,0,1,0
144,29-09-2025,0,0,0,0,0,1,0
145,06-10-2025,0,0,0,0,0,0,0
146,13-10-2025,0,0,0,0,0,0,0
147,20-10-2025,0,0,0,0,0,0,0
148,27-10-2025,0,0,0,0,0,0,0
149,03-11-2025,1,0,0,0,0,0,0
150,10-11-2025,0,0,1,0,1,0,0
151,17-11-2025,0,0,0,0,0,0,1
152,24-11-2025,0,0,0,0,0,1,0
153,01-12-2025,0,0,0,0,0,0,0
154,08-12-2025,0,0,0,0,0,0,0
155,15-12-2025,0,0,0,0,0,0,0
156,22-12-2025,0,0,1,1,0,0,0
